"job_id","job_title","salary_year_avg","comapny_name","skills"
369283,"Data Analyst (Delivery Experience Technology & Product)","111175.0","Allegro","sql"
369283,"Data Analyst (Delivery Experience Technology & Product)","111175.0","Allegro","python"
369283,"Data Analyst (Delivery Experience Technology & Product)","111175.0","Allegro","gcp"
369283,"Data Analyst (Delivery Experience Technology & Product)","111175.0","Allegro","airflow"
369283,"Data Analyst (Delivery Experience Technology & Product)","111175.0","Allegro","windows"
369283,"Data Analyst (Delivery Experience Technology & Product)","111175.0","Allegro","tableau"
369283,"Data Analyst (Delivery Experience Technology & Product)","111175.0","Allegro","looker"
876513,"Data Analyst - Financial Services","111175.0","Allegro","sql"
876513,"Data Analyst - Financial Services","111175.0","Allegro","gcp"
876513,"Data Analyst - Financial Services","111175.0","Allegro","windows"
876513,"Data Analyst - Financial Services","111175.0","Allegro","tableau"
876513,"Data Analyst - Financial Services","111175.0","Allegro","looker"
367763,"Data Analyst","111175.0","Allegro","sql"
367763,"Data Analyst","111175.0","Allegro","python"
367763,"Data Analyst","111175.0","Allegro","bigquery"
367763,"Data Analyst","111175.0","Allegro","tableau"
1240464,"Data Analyst","102500.0","Capco","sql"
1240464,"Data Analyst","102500.0","Capco","python"
1240464,"Data Analyst","102500.0","Capco","gcp"
1240464,"Data Analyst","102500.0","Capco","spark"
1240464,"Data Analyst","102500.0","Capco","pyspark"
1240464,"Data Analyst","102500.0","Capco","hadoop"
1240464,"Data Analyst","102500.0","Capco","scikit-learn"
1240464,"Data Analyst","102500.0","Capco","excel"
1240464,"Data Analyst","102500.0","Capco","flow"
1281562,"Data Analyst (CX Tech)","102500.0","Allegro","sql"
1281562,"Data Analyst (CX Tech)","102500.0","Allegro","python"
1281562,"Data Analyst (CX Tech)","102500.0","Allegro","windows"
1281562,"Data Analyst (CX Tech)","102500.0","Allegro","tableau"
1281562,"Data Analyst (CX Tech)","102500.0","Allegro","looker"
1281562,"Data Analyst (CX Tech)","102500.0","Allegro","git"
470832,"SAP Finance Data Analyst","77017.5","Westinghouse Electric Company","excel"
470832,"SAP Finance Data Analyst","77017.5","Westinghouse Electric Company","sap"
470832,"SAP Finance Data Analyst","77017.5","Westinghouse Electric Company","powerpoint"
189127,"Junior Data Analyst (Campaign Team)","75067.5","Allegro","sql"
189127,"Junior Data Analyst (Campaign Team)","75067.5","Allegro","gcp"
189127,"Junior Data Analyst (Campaign Team)","75067.5","Allegro","looker"
705215,"Data Analyst (Pricing)","57500.0","Allegro","sql"
705215,"Data Analyst (Pricing)","57500.0","Allegro","gcp"
67765,"Junior/Mid/Senior Data Analyst (Pricing)","53014.0","Allegro","sql"
67765,"Junior/Mid/Senior Data Analyst (Pricing)","53014.0","Allegro","gcp"
282943,"Junior Data Analyst - e-Xperience 2023","53014.0","Allegro","sql"
282943,"Junior Data Analyst - e-Xperience 2023","53014.0","Allegro","python"
282943,"Junior Data Analyst - e-Xperience 2023","53014.0","Allegro","gcp"
282943,"Junior Data Analyst - e-Xperience 2023","53014.0","Allegro","pyspark"
